,Model,Power,GVW,Payload,Fueltank,Engine,WheelBase,Image & Other Details
0,Tata Yodha 1700 BS6,100 bhp ,GVW 3490,1700,45,2200,3150,https://trucks.cardekho.com/en/trucks/tata/yodha-1700-bs6
1,Tata ACE,16 bhp ,GVW 1550,605,30,702,2100,https://trucks.cardekho.com/en/trucks/tata/ace
2,Ashok Leyland Dost+,60 bhp ,GVW 2750,1475,40,1478,2510,https://trucks.cardekho.com/en/trucks/ashok-leyland/dost
3,Mahindra Jeeto,11  bhp  ,GVW 1291,600,10.5,625,2250,https://trucks.cardekho.com/en/trucks/mahindra/jeeto
4,Piaggio Ape,8.04 bhp ,GVW 975,560,10.5,435,1920,https://trucks.cardekho.com/en/trucks/piaggio/ape
5,Mahindra Bolero Maxitruck Plus BS6,65 bhp,GVW 2700,1200,45,2523,3150,https://trucks.cardekho.com/en/trucks/mahindra/bolero-maxi-truck-plus
6,Eicher Pro 1110,135 bhp ,GVW 11990,,190,3298,3800,https://trucks.cardekho.com/en/trucks/eicher/pro-1110
7,Tata LPK 2518,180 bhp ,GVW 25000,,300,5883,3880,https://trucks.cardekho.com/en/trucks/tata/lpk-2518
8,Maruti Suzuki Super Carry,32 bhp ,GVW 1600,740,30,793,2110,https://trucks.cardekho.com/en/trucks/maruti-suzuki/super-carry
9,Tata Intra V20,70 bhp ,GVW 2300,1100,35,1396,2250,https://trucks.cardekho.com/en/trucks/tata/intra-v20
10,Mahindra Bolero Pikup ExtraStrong BS6,75 bhp ,GVW 2995/3245,1280/1500,57,2523,3264,https://trucks.cardekho.com/en/trucks/mahindra/bolero-pikup
11,Tata Ace gold,16 bhp ,GVW 1550,710,30,702,2100,https://trucks.cardekho.com/en/trucks/tata/ace-gold
12,Mahindra Bolero Camper BS6,75 bhp ,GVW 2735,1000,57,2523,3014,https://trucks.cardekho.com/en/trucks/mahindra/bolero-camper-gold
13,Mahindra Maxximo,19.2 bhp ,GVW 1815,965,33,909,1950,https://trucks.cardekho.com/en/trucks/mahindra/maxximo
14,Tata LPT 3718,175bhp ,GVW 37000,27405,400,5883,6225,https://trucks.cardekho.com/en/trucks/tata/lpt-3718
15,Mahindra Alfa Load,7 bhp ,GVW 995,505,10.5,436,2165,https://trucks.cardekho.com/en/trucks/mahindra/alfa-load
16,Bajaj Maxima C,8.88 bhp ,GVW 990,472,8,447,2125,https://trucks.cardekho.com/en/trucks/bajaj/maxima-c
17,Eicher Pro 1049,95 bhp ,GVW 4995,2679,60,3298,2750,https://trucks.cardekho.com/en/trucks/eicher/pro-1049
18,Ashok Leyland DOST STRONG,58 bhp ,GVW 2545,1250,40,1478,2350,https://trucks.cardekho.com/en/trucks/ashok-leyland/dost-strong
19,Mahindra Supro Maxitruck,45  bhp  ,GVW 2090,1000,33,909,2050,https://trucks.cardekho.com/en/trucks/mahindra/supro-maxitruck
20,Mahindra Bolero Pikup 4x4 BS6,75 bhp ,GVW 2735,1015,57,2523,3014,https://trucks.cardekho.com/en/trucks/mahindra/big-bolero-pik-up
21,Tata LPT 2518,175bhp ,GVW 25000,19000,350,5883,4880,https://trucks.cardekho.com/en/trucks/tata/lpt-2518
22,Eicher Pro 2049,95 bhp ,GVW 4995,2697,60,--,2580,https://trucks.cardekho.com/en/trucks/eicher/pro-2049
23,Tata Yodha Pickup,85 bhp ,GVW 3100,1250,45,2956,3150,https://trucks.cardekho.com/en/trucks/tata/yodha
24,Tata Ace Gold BS6,30 bhp,GVW 1615,750,,,2100,https://trucks.cardekho.com/en/trucks/tata/ace-gold-bs6
25,Tata ACE XL,16 bhp ,GVW 1630,710,30,702,2250,https://trucks.cardekho.com/en/trucks/tata/ace-xl
26,Tata LPT 1109 HEX2,123.3bhp ,GVW 12990,8320,160,3783,3600,https://trucks.cardekho.com/en/trucks/tata/lpt-1109-hex2
27,Tata Xenon,85 bhp ,GVW 2950,1030,65,2956,3150,https://trucks.cardekho.com/en/trucks/tata/xenon
28,Ashok Leyland 3718,180 Bhp ,GVW 37000,,400,--,--,https://trucks.cardekho.com/en/trucks/ashok-leyland/3718
29,Ashok Leyland DOST LiTE,58 bhp ,GVW 2545,1250,40,1478,2350,https://trucks.cardekho.com/en/trucks/ashok-leyland/dost-lite
30,Mahindra Supro Minitruck,25  bhp  ,GVW 1870,750,45,909,1840,https://trucks.cardekho.com/en/trucks/mahindra/supro-minitruck
31,Tata 207 RX Common Rail,85bhp ,GVW 2950,1040,60,2956,3150,https://trucks.cardekho.com/en/trucks/tata/207-rx-common-rail
32,Tata Intra V30 BS6,70  bhp  ,GVW 2565,,,1500,2450,https://trucks.cardekho.com/en/trucks/tata/intra-v30-bs6
33,Ashok Leyland Ecomet 1214,130 bhp ,GVW 16100,9979,200,,,https://trucks.cardekho.com/en/trucks/ashok-leyland/ecomet-1214
34,BharatBenz 1617R BS6,167 bhp,GVW 16200,,214,3900,5100,https://trucks.cardekho.com/en/trucks/bharat-benz/1617r
35,Tata LPT 407 EX,82.6 bhp ,GVW 6250,3830,60,2956,3400,https://trucks.cardekho.com/en/trucks/tata/lpt-407
36,Eicher Pro 1110XP,135 bhp ,GVW 12976,10056,190,3298,3800,https://trucks.cardekho.com/en/trucks/eicher/pro-1110-xp
37,Isuzu D-MAX,78 bhp ,GVW 2850,1200,55,2499,3095,https://trucks.cardekho.com/en/trucks/isuzu/d-max
38,Tata LPK 1618,177.1 bhp ,GVW 16200,,225,5883,3580,https://trucks.cardekho.com/en/trucks/tata/lpk-1618
39,Eicher Pro 3015,135 bhp ,GVW 16020,,190,--,4490,https://trucks.cardekho.com/en/trucks/eicher/pro-3015
40,Tata LPT 3118,175bhp ,GVW 31000,23700,365,5883,5205,https://trucks.cardekho.com/en/trucks/tata/lpt-3118
41,Tata Intra V10,40 bhp ,GVW 2110,1000,35,798,2250,https://trucks.cardekho.com/en/trucks/tata/intra-v10
42,Ashok Leyland 1618,180 Bhp ,GVW 16000,--,212,--,--,https://trucks.cardekho.com/en/trucks/ashok-leyland/1618
43,Tata SFC 407 PICKUP EX,83.8bhp ,GVW 4450,2450,60,2956,2955,https://trucks.cardekho.com/en/trucks/tata/sfc-407-pickup-ex
44,Isuzu D-Max S-Cab,78 bhp ,GVW 2850,1150,55,2499,3095,https://trucks.cardekho.com/en/trucks/isuzu/d-max-s-cab
45,Eicher Pro 1059,95 bhp ,GVW 6450,,60,--,2750,https://trucks.cardekho.com/en/trucks/eicher/pro-1059
46,Tata SK 407 EX,83.8bhp ,GVW 6250,3975,60,2956,3100,https://trucks.cardekho.com/en/trucks/tata/sk-407-ex
47,Tata ACE ZIP,12 bhp ,GVW 1305,600,10,611,1650,https://trucks.cardekho.com/en/trucks/tata/ace-zip
48,Ashok Leyland PARTNER 6 TYRE,105 bhp ,GVW 7200,4590,90,2953,2850,https://trucks.cardekho.com/en/trucks/ashok-leyland/partner-6-tyre
49,Force SHAKTIMAN 200,67 bhp ,GVW 3475,1750,45,1947,2770,https://trucks.cardekho.com/en/trucks/force/shaktiman-200
50,Mahindra Imperio,74  bhp  ,GVW 2990,1240,55,2489,3220,https://trucks.cardekho.com/en/trucks/mahindra/imperio
51,Tata SFC 709 EX,83.8 bhp ,GVW 7490,4775,120,2956,3800,https://trucks.cardekho.com/en/trucks/tata/sfc-709-ex
52,Tata ACE ZIP XL,12.47 bhp ,GVW 1310,600,10,611,1650,https://trucks.cardekho.com/en/trucks/tata/ace-zip-xl
53,Tata Signa 4923.S,230 bhp ,GVW 49000,40720,400,5883,3880,https://trucks.cardekho.com/en/trucks/tata/signa-4923s
54,Tata LPK 3118,177.1 bhp ,GVW 31000,,300,5883,5580,https://trucks.cardekho.com/en/trucks/tata/lpk-3118
55,Force Kargo King,67 bhp ,GVW 2990,1250,60,1947,3000,https://trucks.cardekho.com/en/trucks/force/kargo-king
56,Eicher Pro 1080,110 HP ,GVW 8250,5460,100,3298,3515,https://trucks.cardekho.com/en/trucks/eicher/pro-1080
57,Mahindra DI3200 JAYO,70 bhp ,GVW 4850,,,2500,--,https://trucks.cardekho.com/en/trucks/mahindra/di3200-jayo
58,Tata Signa 4018.S,180 BHP ,GVW 40200,34230,400,5883,3200,https://trucks.cardekho.com/en/trucks/tata/signa-4018s
59,Eicher Pro 1114XP,135 bhp ,GVW 16020,,190,--,3755,https://trucks.cardekho.com/en/trucks/eicher/pro-1114xp
60,Mahindra Bolero City Pikup BS6,65 bhp,GVW 2990,1400,45,2523,3264,https://trucks.cardekho.com/en/trucks/mahindra/bolero-city-pikup
61,Maruti Suzuki Eeco Cargo,72 bhp ,GVW 1540,,40,1196,2350,https://trucks.cardekho.com/en/trucks/maruti-suzuki/eeco-cargo
62,Tata SK 1613 Hymiler,134 bhp ,GVW 16200,,150,5675,3225,https://trucks.cardekho.com/en/trucks/tata/sk-1613-hymiler
63,Mahindra Loadking Optimo Tipper,90 bhp ,GVW 6950,3585,,3300,2500,https://trucks.cardekho.com/en/trucks/mahindra/loadking-optimo-tipper
64,Piaggio Porter 700,15 bhp ,GVW 1525,750,15,652,1820,https://trucks.cardekho.com/en/trucks/piaggio/porter-700
65,Eicher Pro 1095,110 bhp ,GVW 9500,,190,3298,3515,https://trucks.cardekho.com/en/trucks/eicher/pro-1095
66,Ashok Leyland U-2518 T,180bhp ,GVW 25000,19000,212,5660,3600,https://trucks.cardekho.com/en/trucks/ashok-leyland/u-2518-t
67,Ashok Leyland PARTNER 4 TYRE,103 bhp ,GVW 6020,3658,60,2953,2670,https://trucks.cardekho.com/en/trucks/ashok-leyland/partner-4-tyre
68,Force Traveller Delivery Van,80 bhp ,GVW 3510,1460,140,2596,3050,https://trucks.cardekho.com/en/trucks/force/traveller-delivery-van
69,Bajaj Maxima,9 bhp ,GVW 990,,,470,2025,https://trucks.cardekho.com/en/trucks/bajaj/maxima
70,Piaggio Porter 1000,28 bhp,GVW 1924,1000,27,1034,1970,https://trucks.cardekho.com/en/trucks/piaggio/porter-1000
71,Tata Ultra 912,165.2bhp ,GVW 9600,,120,3783,3310,https://trucks.cardekho.com/en/trucks/tata/ultra-912
72,Tata LPK 2523 HD 9S,224 bhp ,GVW 25000,,300,5883,3880,https://trucks.cardekho.com/en/trucks/tata/lpk-2523-hd-9s
73,Atul GEM,7.5 bhp ,GVW 995,575,10.5,435,2100,https://trucks.cardekho.com/en/trucks/atul/gem
74,Tata SE 1613,132.1 bhp ,GVW 16200,,225,--,4225,https://trucks.cardekho.com/en/trucks/tata/se-1613
75,Tata Signa 4830.T BS6,296 bhp ,GVW 47500,,365,6700,6730,https://trucks.cardekho.com/en/trucks/tata/signa-4830-t
76,Ashok Leyland 2518,180 Bhp ,GVW 25000,,400,--,--,https://trucks.cardekho.com/en/trucks/ashok-leyland/2518
77,Tata LPK 912,123.3bhp ,GVW 9600,,100,3783,2700,https://trucks.cardekho.com/en/trucks/tata/lpk-912
78,Tata ULTRA 1518 T 5L,174.4 bhp ,GVW 16190,,160,5005,4530,https://trucks.cardekho.com/en/trucks/tata/ultra-1518-t-5l
79,Tata Ultra T.16 AMT BS6,177 bhp ,GVW 16190,,800,5000,,https://trucks.cardekho.com/en/trucks/tata/ultra-t-16-amt-bs6
80,Tata ULTRA T7,82.6 bhp ,GVW 7300,4700,60,2956,3550,https://trucks.cardekho.com/en/trucks/tata/ultra-t7
81,Eicher Pro 1095XP,110 bhp ,GVW 10700,,190,3298,3515,https://trucks.cardekho.com/en/trucks/eicher/pro-1095-xp
82,Mahindra Alfa,7.5 bhp ,GVW 800,,,436,,https://trucks.cardekho.com/en/trucks/mahindra/alfa
83,Force SHAKTIMAN 400,67 bhp ,GVW 6100,3500,70,2596,3100,https://trucks.cardekho.com/en/trucks/force/shaktiman-400
84,Piaggio Ape Delivery Van,8.0 bhp ,GVW 975,,11,395,1920,https://trucks.cardekho.com/en/trucks/piaggio/ape-delivery-van
85,Mahindra Scorpio Getaway,120 bhp ,GVW 2550,500,80,2179,3040,https://trucks.cardekho.com/en/trucks/mahindra/scorpio-getaway
86,Tata LPT 1613,136 bhp ,GVW 16200,11250,225,5883,4225,https://trucks.cardekho.com/en/trucks/tata/lpt-1613
87,Tata LPT 909 EX,83.8bhp ,GVW 10550,,430,3800,3800,https://trucks.cardekho.com/en/trucks/tata/lpt-909-ex
88,BharatBenz 1217C BS6,167 bhp,GVW 13000,,160,3900,3160,https://trucks.cardekho.com/en/trucks/bharat-benz/1217c
89,Tata LPT 709 EX2,123.3 bhp ,GVW 7490,4698,160,3783,3800,https://trucks.cardekho.com/en/trucks/tata/lpt-709-ex2
90,Eicher Pro 1080XPT,114 bhp ,GVW 8750,,60,--,2815,https://trucks.cardekho.com/en/trucks/eicher/pro-1080-xpt
91,Mahindra Champion Load,7.5 bhp ,GVW 1350,665,,510,2050,https://trucks.cardekho.com/en/trucks/mahindra/champion-load
92,Tata SIGNA 3718.TK,177 bhp ,GVW 37000,,260,5883,6750,https://trucks.cardekho.com/en/trucks/tata/signa-3718tk
93,Ashok Leyland 1618 T,180bhp ,GVW 16200,,212,5660,--,https://trucks.cardekho.com/en/trucks/ashok-leyland/1618-t
94,Eicher Pro 1059XP,95 bhp ,GVW 7200,,100,--,3350,https://trucks.cardekho.com/en/trucks/eicher/pro-1059xp
95,Tata LPT 1412,121.6 bhp ,GVW 12990,,160,3783,3600,https://trucks.cardekho.com/en/trucks/tata/lpt-1412
96,Tata Prima 4928.S,267 bhp ,GVW 49000,39570,365+260,6700,3890,https://trucks.cardekho.com/en/trucks/tata/prima-4928s
97,Atul Shakti Premium,8 bhp ,GVW 990,,7,435,1960,https://trucks.cardekho.com/en/trucks/atul/shakti-premium
98,Piaggio Ape Xtra LDX BS6,9.4 bhp,GVW 975,560,10.5,599,2100,https://trucks.cardekho.com/en/trucks/piaggio/ape-xtra-ldx-bs6
99,Eicher Pro 2095 XP,115 bhp ,GVW 10700,7175,190,--,3370,https://trucks.cardekho.com/en/trucks/eicher/pro-2095-xp
100,Ashok Leyland DOST CNG,45 bhp ,GVW 2545,1215,120,1478,2350,https://trucks.cardekho.com/en/trucks/ashok-leyland/dost-cng
101,BharatBenz 1923C BS6,241 bhp,GVW 18500,,215,7200,3600,https://trucks.cardekho.com/en/trucks/bharat-benz/1923c
102,Tata LPT 3518,177 bhp ,GVW 35000,,,5883,5505,https://trucks.cardekho.com/en/trucks/tata/lpt-3518
103,Tata Signa 5523.S,227 bhp ,GVW 55000,,400,5883,3880,https://trucks.cardekho.com/en/trucks/tata/signa-5523s
104,SML Isuzu Supreme BS-IV,99.1bhp ,GVW 8000,5100,90,3455,3940,https://trucks.cardekho.com/en/trucks/sml-isuzu/supreme-bs-iv
105,Tata LPT 4223,229 bhp ,GVW 42000,,,5883,6750,https://trucks.cardekho.com/en/trucks/tata/lpt-4223
106,BharatBenz 2823R BS6,241 bhp,GVW 28000,,380,7200,5175,https://trucks.cardekho.com/en/trucks/bharat-benz/2823r
107,SML Isuzu Sartaj 5252 XM BS-IV,99.1bhp ,GVW 5200,2890,70,3455,2515,https://trucks.cardekho.com/en/trucks/sml-isuzu/sartaj-5252-xm-bs-iv
108,Eicher Pro 1090,110 HP ,GVW 8720,,190,3298,3765,https://trucks.cardekho.com/en/trucks/eicher/pro-1090
109,Tata LPT 1918,180 bhp ,GVW 18500,,225,5900,4225,https://trucks.cardekho.com/en/trucks/tata/lpt-1918
110,Tata LPT 1918 5 L Turbotronn,177 bhp ,GVW 18500,,,5005,4225,https://trucks.cardekho.com/en/trucks/tata/lpt-1918-5-l-turbotronn
111,Tata LPT 1512,123 bhp ,GVW 15800,,160,3783,4200,https://trucks.cardekho.com/en/trucks/tata/lpt-1512
112,Mahindra Blazo X 35 LIFT AXLE,274 bhp ,GVW 35000,,330,7200,5600,https://trucks.cardekho.com/en/trucks/mahindra/blazo-x-31-lift-axle
113,Tata LPT 2521 6x2 TC,210 bhp ,GVW 25000,18840,350,6700,4880,https://trucks.cardekho.com/en/trucks/tata/lpt-2521-6x2-tc
114,Tata LPK 1613 Hymiler,134 bhp ,GVW 16200,,160,5675,3580,https://trucks.cardekho.com/en/trucks/tata/lpk-1613-hymiler
115,Piaggio Ape City Plus,8.05 bhp ,GVW 734,,8.5,436,1920,https://trucks.cardekho.com/en/trucks/piaggio/ape-city-plus
116,Volvo FH 520 Puller,520bhp ,GVW 200000,190935,445,12800,3885,https://trucks.cardekho.com/en/trucks/volvo/fh-520-puller
117,Ashok Leyland Boss 1113,130bhp ,GVW 11990,,208,--,3900,https://trucks.cardekho.com/en/trucks/ashok-leyland/boss-1113
118,Eicher Pro 3016 AMT,165 bhp ,GVW 16200,,190,--,4490,https://trucks.cardekho.com/en/trucks/eicher/pro-3016-amt
119,Tata Signa 4823.T,230 bhp ,GVW 47500,34000,,5883,6730,https://trucks.cardekho.com/en/trucks/tata/signa-4823t
120,Ashok Leyland 3118 LA,180 Bhp ,GVW 31000,,400,--,--,https://trucks.cardekho.com/en/trucks/ashok-leyland/3118-la
121,Ashok Leyland Ecomet 1012 Tipper,130 bhp ,GVW 10900,,115,--,--,https://trucks.cardekho.com/en/trucks/ashok-leyland/ecomet-1012-tipper
122,Isuzu D-MAX V-Cross,147 bhp ,GVW 2850,,,1898,3095,https://trucks.cardekho.com/en/trucks/isuzu/d-max-v-cross
123,Tata ULTRA T.7 Electric,295 bhp,GVW 7490,3692,,,3550,https://trucks.cardekho.com/en/trucks/tata/ultra-t-7-electric
124,Ashok Leyland Ecomet 1012,130bhp ,GVW 10900,7050,200,--,2850,https://trucks.cardekho.com/en/trucks/ashok-leyland/ecomet-1012
125,Tata Ultra 812,165.2bhp ,GVW 8000,,120,3783,3310,https://trucks.cardekho.com/en/trucks/tata/ultra-812
126,Tata LPT 1615,159 bhp ,GVW 16200,,225,--,4225,https://trucks.cardekho.com/en/trucks/tata/lpt-1615
127,Tata Winger Cargo,100 bhp ,GVW 2850,1150,,2179,3200,https://trucks.cardekho.com/en/trucks/tata/winger-cargo
128,Tata LPK 2523,224.6 bhp ,GVW 25000,,300,5883,3880,https://trucks.cardekho.com/en/trucks/tata/lpk-2523
129,Tata Ultra 1012,165.2bhp ,GVW 10400,,120,--,3310,https://trucks.cardekho.com/en/trucks/tata/ultra-1012
130,Tata LPK 1212 CRX,121.6 bhp ,GVW 11900,,100,3783,3000,https://trucks.cardekho.com/en/trucks/tata/lpk-1212-crx
131,Bajaj Compact 4S,10 bhp ,GVW 667,,,198,2000,https://trucks.cardekho.com/en/trucks/bajaj/compact-4s
132,Tata LPK 2518 RMC,177.1 bhp ,GVW 25000,,300,5883,3880,https://trucks.cardekho.com/en/trucks/tata/lpk-2518-rmc
133,Tata Prima FL 3530.K BS6,300 bhp ,GVW 35000,,300,6700,5250,https://trucks.cardekho.com/en/trucks/tata/prima-fl-3530-k-bs6
134,Tata ULTRA 1518,174.4 bhp ,GVW 15710,9700,160,--,4920,https://trucks.cardekho.com/en/trucks/tata/ultra-1518
135,SML Isuzu Sartaj HG 72 BS-IV,99.1bhp ,GVW 7200,4470,90,3455,3335,https://trucks.cardekho.com/en/trucks/sml-isuzu/sartaj-hg-72-bs-iv
136,Tata Prima FL 5530.S BS6,300 bhp ,GVW 55000,,365,6700,3890,https://trucks.cardekho.com/en/trucks/tata/prima-fl-5530-s-bs6
137,Eicher Pro 1075,110 bhp ,GVW 7450,,100,--,3515,https://trucks.cardekho.com/en/trucks/eicher/pro-1075
138,Tata SFC 407 EX HT,83.8bhp ,GVW 6250,3975,60,2956,3100,https://trucks.cardekho.com/en/trucks/tata/sfc-407-ex-ht
139,Atul Shakti,7.5 bhp ,GVW 990,,7,435,1845,https://trucks.cardekho.com/en/trucks/atul/shakti
140,Mahindra Furio 14,140 bhp ,GVW 14000,,190,3500,4500,https://trucks.cardekho.com/en/trucks/mahindra/furio-14
141,Eicher Pro 1055,95 bhp ,GVW 6250,,60,--,2815,https://trucks.cardekho.com/en/trucks/eicher/pro-1055
142,Tata SFC 407 BS-IV,83.8bhp ,GVW 5950,3876,60,2956,3100,https://trucks.cardekho.com/en/trucks/tata/sfc-407-bs-iv
143,Lohia Narain Cargo,1950 W,GVW 320,,,--,2040,https://trucks.cardekho.com/en/trucks/lohia/narain-cargo
144,Volvo FMX 440,440bhp ,GVW 31000,13500,315,12800,5600,https://trucks.cardekho.com/en/trucks/volvo/fmx-440
145,Tata Signa 3518.S,178 BHP ,GVW 35200,29230,400,5883,3200,https://trucks.cardekho.com/en/trucks/tata/signa-3518s
146,Tata LPT 909 HEX2,123.3 bhp ,GVW 10400,,160,3783,3400,https://trucks.cardekho.com/en/trucks/tata/lpt-909-hex2
147,SML Isuzu Tipper BS-IV,100.5bhp ,GVW 8720,5410,90,3455,2815,https://trucks.cardekho.com/en/trucks/sml-isuzu/tipper-bs-iv
148,BharatBenz 5528TT BS6,281 bhp ,GVW 54960,,455,7200,3975,https://trucks.cardekho.com/en/trucks/bharat-benz/5528t
149,Eicher Pro 1059 CNG,83 bhp ,GVW 6450,,270,--,3350,https://trucks.cardekho.com/en/trucks/eicher/pro-1059-cng
150,Mahindra Blazo X 35,273 bhp ,GVW 35000,,330,7200,6100,https://trucks.cardekho.com/en/trucks/mahindra/blazo-x-31
151,Atul GEM XL-HD,8 bhp ,GVW 995,,10.5,435,2100,https://trucks.cardekho.com/en/trucks/atul/gem-xl-hd
152,Tata ULTRA 1412,121.6 bhp ,GVW 13850,,160,3783,3920,https://trucks.cardekho.com/en/trucks/tata/ultra-1412
153,Tata LPT 407 EX2,83.8bhp ,GVW 7300,4750,60,2956,3800,https://trucks.cardekho.com/en/trucks/tata/lpt-407-ex2
154,Ashok Leyland Captain 4923,230 Bhp ,GVW 49000,,400,--,--,https://trucks.cardekho.com/en/trucks/ashok-leyland/captain-4923
155,Tata LPTK 3118,177.1 bhp ,GVW 31000,,300,3783,5580,https://trucks.cardekho.com/en/trucks/tata/lptk-3118
156,Eicher Pro 3016,162.7 bhp ,GVW 16200,8981,190,--,4490,https://trucks.cardekho.com/en/trucks/eicher/pro-3016
157,Tata LPT 1212 CRX,123 bhp ,GVW 11990,,160,3783,3600,https://trucks.cardekho.com/en/trucks/tata/lpt-1212-crx
158,Eicher Pro 3014,135 bhp ,GVW 13850,,190,--,4300,https://trucks.cardekho.com/en/trucks/eicher/pro-3014
159,Mahindra Treo,7 bhp ,GVW 350,,,--,2050,https://trucks.cardekho.com/en/trucks/mahindra/treo
160,Tata Signa 2823.K Drill Rig BS6,219 bhp,GVW 2300,1100,300,5600,5580,https://trucks.cardekho.com/en/trucks/tata/signa-2823-k-drill-rig-bs6
161,Ashok Leyland 3518,180 Bhp ,GVW 35000,,400,--,--,https://trucks.cardekho.com/en/trucks/ashok-leyland/3518
162,Mahindra BLAZO X 49,273 bhp ,GVW 49000,,330,7200,6770,https://trucks.cardekho.com/en/trucks/mahindra/blazo-x-49
163,Ashok Leyland Ecomet 1212 Tipper,130 bhp ,GVW 12900,,200,--,--,https://trucks.cardekho.com/en/trucks/ashok-leyland/ecomet-1212-tipper
164,Atul GEM Cargo,8 bhp ,GVW 995,,10.5,435,1925,https://trucks.cardekho.com/en/trucks/atul/gem-cargo
165,Ashok Leyland Ecomet 1212,130 bhp ,GVW 12900,,200,--,--,https://trucks.cardekho.com/en/trucks/ashok-leyland/ecomet-1212
166,Force Traveller Delivery Van Wider,115 bhp ,GVW 5550,2500,70,3245,4020,https://trucks.cardekho.com/en/trucks/force/traveller-delivery-van-wider
167,Ashok Leyland A1 Boss 1413,130 bhp ,GVW 14000,,208,--,--,https://trucks.cardekho.com/en/trucks/ashok-leyland/a1-boss-1413
168,Mahindra Bolero Pikup ExtraLong BS6,75 bhp ,GVW 3490/2995,1700/1245,60,2523,3264,https://trucks.cardekho.com/en/trucks/mahindra/bolero-pikup-extralong-bs6
169,Tata Prima Lx 5530.S,296 bhp ,GVW 55000,,400,6700,3890,https://trucks.cardekho.com/en/trucks/tata/prima-lx-5530s
170,Eicher 10.75 E2 Plus,70 Kw ,GVW 7450,4570,200,3298,3515,https://trucks.cardekho.com/en/trucks/eicher/1075-e2-plus
171,Tata LPT 407 EX FE,83 bhp ,GVW 5490,3030,90,2956,2775,https://trucks.cardekho.com/en/trucks/tata/lpt-407-ex-fe
172,Eicher Pro 6048,250 bhp ,GVW 47500,,350,7700,6600,https://trucks.cardekho.com/en/trucks/eicher/pro-6048
173,Ashok Leyland 1618 XL C,180 bhp ,GVW 16000,,165,--,--,https://trucks.cardekho.com/en/trucks/ashok-leyland/1618-xl-c
174,Ashok Leyland Boss 1916,160 bhp ,GVW 18500,,200,--,--,https://trucks.cardekho.com/en/trucks/ashok-leyland/boss-1916
175,Ashok Leyland U 4019,180 Bhp ,GVW 40000,--,400,--,--,https://trucks.cardekho.com/en/trucks/ashok-leyland/u-4019
176,BharatBenz 3523R BS6,241 bhp,GVW 35000,,380,7200,5775,https://trucks.cardekho.com/en/trucks/bharat-benz/3523r-bs6
177,BharatBenz 1015R BS6,147 bhp ,GVW 10600,,171,3900,3360,https://trucks.cardekho.com/en/trucks/bharat-benz/1015r-bs6
178,Ashok Leyland 3118 HD,180 bhp ,GVW 31000,,300,--,--,https://trucks.cardekho.com/en/trucks/ashok-leyland/3118-hd
179,Eicher Pro 1050,95 bhp ,GVW 5400,,60,--,3350,https://trucks.cardekho.com/en/trucks/eicher/pro-1050
180,Tata Signa 4923.T,230 bhp ,GVW 49000,35000,,5883,6730,https://trucks.cardekho.com/en/trucks/tata/signa-4923t
181,Mahindra Blazo X 28,273 bhp ,GVW 28000,,330,7200,5000,https://trucks.cardekho.com/en/trucks/mahindra/blazo-x-25
182,Tata LPT 2818,177 bhp ,GVW 28000,,,5883,4880,https://trucks.cardekho.com/en/trucks/tata/lpt-2818
183,Tata Ace Zip CNG,14 Bhp ,GVW 1285,500,8,611,1650,https://trucks.cardekho.com/en/trucks/tata/ace-zip-cng
184,Volvo FM 420 Euro-4 6x4,420bhp ,GVW 25000,16580,415,12800,5585,https://trucks.cardekho.com/en/trucks/volvo/fm-420-euro-4-6x4
185,Ashok Leyland CAPTAIN 2523 SR,230bhp ,GVW 25000,19000,200,--,--,https://trucks.cardekho.com/en/trucks/ashok-leyland/captain-2523-sr
186,Tata ULTRA 1014,138bhp ,GVW 10400,,90,--,3310,https://trucks.cardekho.com/en/trucks/tata/ultra-1014
187,Force Trax Delivery Van,67 bhp ,GVW 2980,,60,1947,3050,https://trucks.cardekho.com/en/trucks/force/trax-delivery-van
188,Tata LPK 407 EX,83.8 bhp ,GVW 6250,2590,90,2956,2775,https://trucks.cardekho.com/en/trucks/tata/lpk-407-ex
189,BharatBenz 4023TT BS6,241 bhp,GVW 33747,,455,7200,3300,https://trucks.cardekho.com/en/trucks/bharat-benz/4023t
190,Ashok Leyland 2518 HD,180 bhp ,GVW 25000,,200,--,--,https://trucks.cardekho.com/en/trucks/ashok-leyland/2518-hd
191,Ashok Leyland 4923,225 Bhp ,GVW 49000,,400,--,--,https://trucks.cardekho.com/en/trucks/ashok-leyland/4923
192,Lohia Humsafar Cargo,8 bhp ,GVW 950,,10.5,435,1945,https://trucks.cardekho.com/en/trucks/lohia/humsafar-cargo
193,SML Isuzu 4WD Truck,99.1bhp ,GVW 6990,,90,3455,2845,https://trucks.cardekho.com/en/trucks/sml-isuzu/4wd-truck
194,Tata Prima 4028.S,263.3bhp ,GVW 40200,33100,365+260,6700,3460,https://trucks.cardekho.com/en/trucks/tata/prima-4028s
195,Tata SFC 407 EX TT,83.8bhp ,GVW 5300,3209,60,2956,3100,https://trucks.cardekho.com/en/trucks/tata/sfc-407-ex-tt
196,BharatBenz 1415R BS6,147 bhp ,GVW 14050,,171,3900,3360,https://trucks.cardekho.com/en/trucks/bharat-benz/1415r-bs6
197,Bajaj Compact 2S,8 bhp ,GVW 348,,,145,2000,https://trucks.cardekho.com/en/trucks/bajaj/compact-2s
198,Ashok Leyland 3118 twin steering,180 bhp ,GVW 31000,,400,--,--,https://trucks.cardekho.com/en/trucks/ashok-leyland/3118-twin-steering
199,Tata LPT 1010 CRX,124.2 bhp ,GVW 12990,,160,3783,3400,https://trucks.cardekho.com/en/trucks/tata/lpt-1010-crx
200,Ashok Leyland Boss 1616,160 bhp ,GVW 16200,,200,--,--,https://trucks.cardekho.com/en/trucks/ashok-leyland/boss-1616
201,Kinetic Safar Shakti,850 W,GVW 750,350,,--,2000,https://trucks.cardekho.com/en/trucks/kinetic/safar-shakti
202,Eicher Pro 1095 CNG,83 bhp ,GVW 9700,,320,3298,4065,https://trucks.cardekho.com/en/trucks/eicher/pro-1095-cng
203,Amw 2518 TP,178bhp ,GVW 25000,17740,240,5883,4300,https://trucks.cardekho.com/en/trucks/amw/2518-tp
204,Tata Signa 4223.T,229 bhp ,GVW 42000,,,5883,6255,https://trucks.cardekho.com/en/trucks/tata/signa-4223t
205,Ashok Leyland 4940 Euro 6,400 hp ,GVW 49000,,600,8000,3900,https://trucks.cardekho.com/en/trucks/ashok-leyland/4940-euro-6
206,Volvo FM 480,480bhp ,GVW 59000,38810,270,12800,6670,https://trucks.cardekho.com/en/trucks/volvo/fm-480
207,Eicher 11.10 XP MS Container E2 Plus,91bhp ,GVW 12976,,,3298,2815,https://trucks.cardekho.com/en/trucks/eicher/1110-xp-ms-container-e2-plus
208,Eicher Pro 6035,210 bhp ,GVW 35000,,380,--,6150,https://trucks.cardekho.com/en/trucks/eicher/pro-6035
209,Tata Signa 3718,177.7 bhp ,GVW 37000,,,5883,6255,https://trucks.cardekho.com/en/trucks/tata/signa-3718
210,Eicher Pro 5016 Water Tanker,170 bhp ,GVW 16200,,,5700,4300,https://trucks.cardekho.com/en/trucks/eicher/pro-5016-water-tanker
211,Tata SIGNA 2823.TK,230 bhp ,GVW 28000,,300,5883,3880,https://trucks.cardekho.com/en/trucks/tata/signa-2823tk
212,Lohia Humsafar,8.1 bhp ,GVW 950,,10.5,435,1945,https://trucks.cardekho.com/en/trucks/lohia/humsafar
213,Mahindra Furio 11,140 bhp ,GVW 11100,,160,3500,4950,https://trucks.cardekho.com/en/trucks/mahindra/furio-11
214,Ashok Leyland Boss 1213,130bhp ,GVW 12900,,208,--,3400,https://trucks.cardekho.com/en/trucks/ashok-leyland/boss-1213
215,Ashok Leyland Captain 4019,180 Bhp ,GVW 40000,,400,--,--,https://trucks.cardekho.com/en/trucks/ashok-leyland/captain-4019
216,Tata Prima LX 3718.T,177.1 bhp ,GVW 37000,,300,5900,6860,https://trucks.cardekho.com/en/trucks/tata/prima-lx-3718t
217,Scania P410 8x4,410bhp ,GVW 31000,10500,300,12976,4053,https://trucks.cardekho.com/en/trucks/scania/p410-8x4
218,Tata LPT 909 EX CNG,81.9 bhp ,GVW 10550,,430,--,3800,https://trucks.cardekho.com/en/trucks/tata/lpt-909-ex-cng
219,Eicher Pro 1110XPT,135 bhp ,GVW 13000,,160,3770,3335,https://trucks.cardekho.com/en/trucks/eicher/pro-1110-xpt
220,Ashok Leyland Guru,115 bhp ,GVW 13100,--,185,--,3800,https://trucks.cardekho.com/en/trucks/ashok-leyland/guru
221,Bajaj Qute,13 bhp ,GVW 450,,,216,1925,https://trucks.cardekho.com/en/trucks/bajaj/qute
222,Mahindra Blazo X 55,273 bhp ,GVW 55000,,330,7200,4100,https://trucks.cardekho.com/en/trucks/mahindra/blazo-x-55
223,Eicher Pro 8049 6x2,280 bhp ,GVW 49000,40750,405,7700,4085,https://trucks.cardekho.com/en/trucks/eicher/pro-8049-6x2
224,Ashok Leyland Boss 913,130bhp ,GVW 10700,,208,--,3440,https://trucks.cardekho.com/en/trucks/ashok-leyland/boss-913
225,Piaggio Ape City BS6,8.85 bhp,GVW 722,360,30,230,1920,https://trucks.cardekho.com/en/trucks/piaggio/ape-city-bs6
226,Scania G410,410bhp ,GVW 49000,39706,1000,12700,3950,https://trucks.cardekho.com/en/trucks/scania/g410
227,Tata LPT 1913,134 bhp ,GVW 18500,,225,5900,4225,https://trucks.cardekho.com/en/trucks/tata/lpt-1913
228,Tata SFC 407 RJ EX2,83 bhp ,GVW 4995,,60,2956,3305,https://trucks.cardekho.com/en/trucks/tata/sfc-407-rj-ex2
229,Tata Signa 3118.T,178 BHP ,GVW 31000,23300,400,5883,5505,https://trucks.cardekho.com/en/trucks/tata/signa-3181t
230,Tata RJ SFC 407 EX,83 bhp ,GVW 5950,3876,60,2956,3305,https://trucks.cardekho.com/en/trucks/tata/rj-sfc-407-ex
231,Tata Prima LX 3125.K,242 bhp ,GVW 31000,,,6700,5250,https://trucks.cardekho.com/en/trucks/tata/prima-lx-3125k
232,Ashok Leyland 1618 T/C,180bhp ,GVW 16200,,212,5660,--,https://trucks.cardekho.com/en/trucks/ashok-leyland/1618-tc
233,Eicher 10.90 E2 Plus,91bhp ,GVW 8720,,,3298,4065,https://trucks.cardekho.com/en/trucks/eicher/1090-e2-plus
234,Volvo FM 400 HD,400bhp ,GVW 160000,150290,445,12800,3885,https://trucks.cardekho.com/en/trucks/volvo/fm-400-hd
235,Mahindra OPTIMO BS IV,80 ,GVW 5950,3435,,--,3320,https://trucks.cardekho.com/en/trucks/mahindra/optimo-bs-iv
236,BharatBenz 2823C BS6,241 bhp,GVW 28000,,215,7200,4275,https://trucks.cardekho.com/en/trucks/bharat-benz/2823c-bs6
237,Eicher Pro 6028,210 bhp ,GVW 28000,,380,--,5300,https://trucks.cardekho.com/en/trucks/eicher/pro-6028
238,Ashok Leyland U 3718,180 Bhp ,GVW 37000,,400,--,--,https://trucks.cardekho.com/en/trucks/ashok-leyland/u-3718
239,TVS King 4S,8 bhp ,GVW 385,,20.6,199,,https://trucks.cardekho.com/en/trucks/tvs/king-4s
240,Atul GEM Delivery Van,8 bhp ,GVW 995,,10.5,435,1925,https://trucks.cardekho.com/en/trucks/atul/gem-delivery-van
241,Eicher Pro 6019T,210 bhp ,GVW 18500,,220,5100,3635,https://trucks.cardekho.com/en/trucks/eicher/pro-6019t
242,Scania R500,500bhp ,GVW 49000,39270,500,16000,3778,https://trucks.cardekho.com/en/trucks/scania/r500
243,SML Isuzu Samrat HD 19 BS-IV,99.1bhp ,GVW 10250,6750,90,3455,4760,https://trucks.cardekho.com/en/trucks/sml-isuzu/samrat-hd-19-bs-iv
244,Tata SFC 407 CNG,123.3 bhp ,GVW 10400,,160,3783,3400,https://trucks.cardekho.com/en/trucks/tata/sfc-407-cng
245,Tata Prima LX 3130.K,300 bhp ,GVW 31000,,,6700,5250,https://trucks.cardekho.com/en/trucks/tata/prima-lx-3130k
246,Tata PRIMA 2530.K,300 bhp ,GVW 25000,,,6700,4570,https://trucks.cardekho.com/en/trucks/tata/prima-2530k
247,Tata Ultra T 7 Twin Tyre,83 bhp ,GVW 7490,,60,2956,3550,https://trucks.cardekho.com/en/trucks/tata/ultra-t-7-twin-tyre
248,Tata Prima LX 2525.K,242 bhp ,GVW 25000,,,6700,3950,https://trucks.cardekho.com/en/trucks/tata/prima-lx-2525k
249,Volvo FM 440 6x4,440bhp ,GVW 125000,116450,445,12800,3885,https://trucks.cardekho.com/en/trucks/volvo/fm-440-6x4
250,Mahindra Bolero Maxitruck CNG BS6,67 bhp ,GVW 2750,1150,150,2523,3150,https://trucks.cardekho.com/en/trucks/mahindra/bolero-maxitruck-cng-bs6
251,Tata Ultra EX 3021.S BS6,200 bhp,GVW 30000,14250,565,5000,3320,https://trucks.cardekho.com/en/trucks/tata/ultra-ex-3021-s-bs6
252,Eicher Pro 6042,210 bhp ,GVW 42000,,350,--,6600,https://trucks.cardekho.com/en/trucks/eicher/pro-6042
253,Mahindra E-Alfa mini,1 bhp ,GVW 758,,,,2168,https://trucks.cardekho.com/en/trucks/mahindra/e-alfa-mini
254,Eicher Pro 1059XP CNG,83 bhp ,GVW 7200,,270,--,3350,https://trucks.cardekho.com/en/trucks/eicher/pro-1059xp-cng
255,Mahindra Bolero Pikup CNG BS6,67 bhp ,GVW 2990,1190,140,2523,3264,https://trucks.cardekho.com/en/trucks/mahindra/bolero-pikup-cng-bs6
256,Tata LPK 3118 9S RMC,241.8 bhp ,GVW 31000,,300,5883,5580,https://trucks.cardekho.com/en/trucks/tata/lpk-3118-9s-rmc
257,Tata LPK 1615 TC,158 bhp ,GVW 16200,,160,5883,3580,https://trucks.cardekho.com/en/trucks/tata/lpk-1615-tc
258,Tata LPT 709 Ex CNG,81.9 bhp ,GVW 7490,4370,300,3783,3800,https://trucks.cardekho.com/en/trucks/tata/lpt-709-ex-cng
259,Tata LPT 810 Ex2,123.2 bhp ,GVW 8720,,160,--,3400,https://trucks.cardekho.com/en/trucks/tata/lpt-810-ex2
260,Tata Signa 4623.S,227 bhp ,GVW 45500,,400,5883,3200,https://trucks.cardekho.com/en/trucks/tata/signa-4623s
261,Mahindra Blazo X 28 6S,273 bhp ,GVW 28000,,235,7200,4250,https://trucks.cardekho.com/en/trucks/mahindra/blazo-x-25-6s
262,Tata LPT 909 EX2,123.2 bhp ,GVW 9600,,160,--,3400,https://trucks.cardekho.com/en/trucks/tata/lpt-909-ex2
263,SML Isuzu Samrat BS-IV,99.1bhp ,GVW 10250,6900,90,3455,4760,https://trucks.cardekho.com/en/trucks/sml-isuzu/samrat-bs-iv
264,Scania R580 V8 Puller,580bhp ,GVW 200000,190000,500,15600,4023,https://trucks.cardekho.com/en/trucks/scania/r580-v8-puller
265,Ashok Leyland CAPTAIN 3123,230bhp ,GVW 31000,--,300,--,--,https://trucks.cardekho.com/en/trucks/ashok-leyland/captain-3123
266,Mahindra DI3200 JAYO CNG,68 bhp ,GVW 4850,2550,120,2500,2650,https://trucks.cardekho.com/en/trucks/mahindra/di3200-jayo-cng
267,Mahindra BLAZO X 42 PUSHER AXLE,273 bhp ,GVW 42000,,330,7200,6650,https://trucks.cardekho.com/en/trucks/mahindra/blazo-x-42-pusher-axle
268,Man CLA 25.250 EVO 6X4,255bhp ,GVW 25000,13145,300,6900,4525,https://trucks.cardekho.com/en/trucks/man/cla-25250-evo-6x4
269,SML Isuzu Prestige BS-IV,99.1bhp ,GVW 6440,3640,90,3455,3335,https://trucks.cardekho.com/en/trucks/sml-isuzu/prestige-bs-iv
270,BharatBenz 3528C BS6,281 bhp ,GVW 35000,,215,7200,5175,https://trucks.cardekho.com/en/trucks/bharat-benz/3528c-bs6
271,Volvo FM 400,400bhp ,GVW 31000,14270,270,12800,6970,https://trucks.cardekho.com/en/trucks/volvo/fm-400
272,Tata LPT 1618 5 L Turbotronn,177 bhp ,GVW 16200,,,5005,4225,https://trucks.cardekho.com/en/trucks/tata/lpt-1618-5-l-turbotronn
273,Mahindra Blazo X 35 8x4 TIPPER,273 bhp ,GVW 35000,,200,7200,5300,https://trucks.cardekho.com/en/trucks/mahindra/blazo-x-31-8x4-tipper
274,Amw 1618 TP,178bhp ,GVW 16200,8400,220,5883,4040,https://trucks.cardekho.com/en/trucks/amw/1618-tp
275,Ashok Leyland Captain 2518,180 Bhp ,GVW 25000,--,208,--,--,https://trucks.cardekho.com/en/trucks/ashok-leyland/captain-2518
276,Tata LPT 407 EX2 CNG,83 bhp ,GVW 7250,4390,240,3783,3400,https://trucks.cardekho.com/en/trucks/tata/lpt-407-ex2-cng
277,Ashok Leyland A1 Boss 1213,130 bhp ,GVW 12900,,208,--,--,https://trucks.cardekho.com/en/trucks/ashok-leyland/a1-boss-1213
278,Scania G310 6x2,310 bhp ,GVW 49000,,6000,9000,3950,https://trucks.cardekho.com/en/trucks/scania/g310-6x2
279,Volvo FM 370,370bhp ,GVW 40000,25840,270,10800,4085,https://trucks.cardekho.com/en/trucks/volvo/fm-370
280,Atul ELITE Cargo,850 / 1000 W,GVW 699,,,--,--,https://trucks.cardekho.com/en/trucks/atul/elite-cargo
281,Hino 500 FM8J,247bhp ,GVW 25000,,200,7684,4240,https://trucks.cardekho.com/en/trucks/hino/500-fm8j
282,Mahindra Furio 12,140 bhp ,GVW 11990,,190,3500,4500,https://trucks.cardekho.com/en/trucks/mahindra/furio-12
283,Tata Prima LX 4930.S,290.7 bhp ,GVW 49000,--,400,6700,3890,https://trucks.cardekho.com/en/trucks/tata/prima-lx-4930s
284,BharatBenz 1215R BS6,147 bhp ,GVW 11990,,171,3900,4250,https://trucks.cardekho.com/en/trucks/bharat-benz/1215r-bs6
285,BharatBenz 3528CM BS6,281 bhp ,GVW 35000,,215,7200,5175,https://trucks.cardekho.com/en/trucks/bharat-benz/3528cm-bs6
286,Ashok Leyland Boss 913 Tipper,130 bhp ,GVW 10700,,105,--,--,https://trucks.cardekho.com/en/trucks/ashok-leyland/boss-913-tipper
287,Tata LPTK 2518,179 bhp ,GVW 25000,,300,5883,3880,https://trucks.cardekho.com/en/trucks/tata/lptk-2518
288,Ashok Leyland U 4923,225 Bhp ,GVW 49000,,400,--,--,https://trucks.cardekho.com/en/trucks/ashok-leyland/u-4923
289,Tata Signa 2518.K,178 HP ,GVW 25000,13846,300,5883,3880,https://trucks.cardekho.com/en/trucks/tata/signa-2518k
290,Ashok Leyland Captain 3718,180 Bhp ,GVW 37000,,400,--,--,https://trucks.cardekho.com/en/trucks/ashok-leyland/captain-3718
291,Eicher Pro 6040,250 bhp ,GVW 40200,,380,7700,3650,https://trucks.cardekho.com/en/trucks/eicher/pro-6040
292,Piaggio Ape DX BS6,9.39 bhp,GVW 780,560,10.5,597.7,1920,https://trucks.cardekho.com/en/trucks/piaggio/ape-dx-bs6
293,Mahindra Blazo X 42 TAG AXLE,273 bhp ,GVW 42000,,330,7200,6100,https://trucks.cardekho.com/en/trucks/mahindra/blazo-x-37-tag-axle
294,Ashok Leyland 2518 C/4,180bhp ,GVW 25000,19000,300,5660,--,https://trucks.cardekho.com/en/trucks/ashok-leyland/2518-c4
295,Eicher Pro 6028T,250 bhp ,GVW 28000,,220,7700,4000,https://trucks.cardekho.com/en/trucks/eicher/pro-6028t
296,Tata Signa 2818.T AMT,177 bhp ,GVW 28000,,,5883,6750,https://trucks.cardekho.com/en/trucks/tata/signa-2818t-amt
297,Eicher Pro 8049 6x4,280 bhp ,GVW 49000,40230,405,7700,4085,https://trucks.cardekho.com/en/trucks/eicher/pro-8049-6x4
298,Tata PRIMA LX 4025.S,242 bhp ,GVW 40200,,,6700,3460,https://trucks.cardekho.com/en/trucks/tata/prima-lx-4025s
299,Eicher Pro 8025T,280 bhp ,GVW 25000,,210,7700,4085,https://trucks.cardekho.com/en/trucks/eicher/pro-8025-t
300,Mahindra OPTIMO BSIV Light Duty,70 ,GVW 5950,3370,,--,3320,https://trucks.cardekho.com/en/trucks/mahindra/optimo-bsiv-light-duty
301,Ashok Leyland Captain 3118,180 Bhp ,GVW 31000,--,400,--,--,https://trucks.cardekho.com/en/trucks/ashok-leyland/captain-3118
302,Man CLA 16.250 EVO 4X2,255bhp ,GVW 16200,7865,200,6900,3600,https://trucks.cardekho.com/en/trucks/man/cla-16250-evo-4x2
303,Eicher Pro 8031T,280 bhp ,GVW 31000,16285,210,7700,5285,https://trucks.cardekho.com/en/trucks/eicher/pro-8031-t
304,Eicher Pro 3012,135 bhp ,GVW 11990,,190,--,3800,https://trucks.cardekho.com/en/trucks/eicher/pro-3012
305,Tata Ultra 814,139 bhp ,GVW 8750,,160,--,3310,https://trucks.cardekho.com/en/trucks/tata/ultra-814
306,BharatBenz 5028T BS6,281 bhp ,GVW 49960,,455,7200,3600,https://trucks.cardekho.com/en/trucks/bharat-benz/5028t-bs6
307,Mahindra OPTIMO BSIV HEAVY DUTY,90 ,GVW 6950,3585,,3300,2500,https://trucks.cardekho.com/en/trucks/mahindra/optimo-bsiv-heavy-duty
308,Eicher Pro 5019T,192 bhp ,GVW 18100,,220,5700,3485,https://trucks.cardekho.com/en/trucks/eicher/pro-5019t
309,Scania G460 Puller,460bhp ,GVW 150000,139850,500,12700,4023,https://trucks.cardekho.com/en/trucks/scania/g460-puller
310,SML Isuzu Sartaj CNG,100.5bhp ,GVW 5990,4560,90,3455,3335,https://trucks.cardekho.com/en/trucks/sml-isuzu/sartaj-cng
311,Mahindra Blazo X 46,273 bhp ,GVW 40200,,330,7200,3600,https://trucks.cardekho.com/en/trucks/mahindra/blazo-x-40
312,Ashok Leyland U 3518,180Bhp ,GVW 35000,,400,--,--,https://trucks.cardekho.com/en/trucks/ashok-leyland/u-3518
313,Ashok Leyland 3118 xl/1,180 Bhp ,GVW 31000,,400,--,--,https://trucks.cardekho.com/en/trucks/ashok-leyland/3118-xl1
314,Eicher Pro 8031XM,330 bhp ,GVW 31000,,315,7700,5285,https://trucks.cardekho.com/en/trucks/eicher/pro-8031xm
315,Eicher Pro 5040,192 bhp ,GVW 40200,,415,5700,3175,https://trucks.cardekho.com/en/trucks/eicher/pro-5040
316,Tata LPT 810 CRX,123.2 bhp ,GVW 8720,,160,--,3400,https://trucks.cardekho.com/en/trucks/tata/lpt-810-crx
317,Eicher 11.10 E2 Plus WT,91bhp ,GVW 11950,,,3298,3800,https://trucks.cardekho.com/en/trucks/eicher/1110-e2-plus-wt
318,Ashok Leyland 4019,180 Bhp ,GVW 40000,,400,--,--,https://trucks.cardekho.com/en/trucks/ashok-leyland/4019
319,Piaggio Ape DXL,8.05 bhp ,GVW 752,,10.5,435,2100,https://trucks.cardekho.com/en/trucks/piaggio/ape-dxl
320,Scania P410 6x2,410bhp ,GVW 44000,35590,600,13000,3750,https://trucks.cardekho.com/en/trucks/scania/p410-6x2
321,Man CLA 31.300 EVO 8X4,300bhp ,GVW 31000,14230,200,6900,5300,https://trucks.cardekho.com/en/trucks/man/cla-31300-evo-8x4
322,Scania P360,360bhp ,GVW 40200,32715,1000,13000,3550,https://trucks.cardekho.com/en/trucks/scania/p360
323,Scania R500 V8 Puller,500bhp ,GVW 150000,139529,500,16000,4023,https://trucks.cardekho.com/en/trucks/scania/r500-v8-puller
324,Mahindra Blazo X 28 9S,273 bhp ,GVW 28000,,235,7200,4250,https://trucks.cardekho.com/en/trucks/mahindra/blazo-x-25-9s
325,Eicher Pro 1075 CNG,83 bhp ,GVW 7450,,270,--,3515,https://trucks.cardekho.com/en/trucks/eicher/pro-1075-cng
326,Lohia Comfort,351,Wheelbase 2035,400,,--,2035,https://trucks.cardekho.com/en/trucks/lohia/comfort
327,Eicher Pro 5028,192 bhp ,GVW 28000,,395,5700,4900,https://trucks.cardekho.com/en/trucks/eicher/pro-5028
328,Hino 500 FL8J,210bhp ,GVW 25000,,200,7684,4780,https://trucks.cardekho.com/en/trucks/hino/500-fl8j
329,Kamaz 6460 6x4,355 bhp ,GVW 49000,38800,350,11760,3735,https://trucks.cardekho.com/en/trucks/kamaz/6460-6x4
330,Man CLA 25.300 EVO 6X4,300bhp ,GVW 25000,11140,300,6900,4525,https://trucks.cardekho.com/en/trucks/man/cla-25300-evo-6x4
331,Amw 2523 TP,235bhp ,GVW 25000,17210,220,5883,4300,https://trucks.cardekho.com/en/trucks/amw/2523-tp
332,Ashok Leyland CAPTAIN 2523 HR,230bhp ,GVW 25000,19000,208,--,--,https://trucks.cardekho.com/en/trucks/ashok-leyland/captain-2523-hr
333,Eicher Pro 1080XP(DSD),114 bhp ,GVW 8750,,60,--,2815,https://trucks.cardekho.com/en/trucks/eicher/pro-1080xpdsd
334,SML Isuzu Sartaj 59 xm,99.1bhp ,GVW 5990,,90,3455,2815,https://trucks.cardekho.com/en/trucks/sml-isuzu/sartaj-59-xm
335,Ashok Leyland Captain 3723,230 Bhp ,GVW 37000,,400,--,--,https://trucks.cardekho.com/en/trucks/ashok-leyland/captain-3723
336,BharatBenz 2828C BS6,281 bhp ,GVW 28000,,215,7200,4275,https://trucks.cardekho.com/en/trucks/bharat-benz/2828c-bs6
337,Man CLA 49.300 EVO 6X4,300bhp ,GVW 49000,41100,300,6900,3890,https://trucks.cardekho.com/en/trucks/man/cla-49300-evo-6x4
338,Eicher Pro 6055TT,250 bhp ,GVW 55000,,350,7700,--,https://trucks.cardekho.com/en/trucks/eicher/pro-6055tt
339,Kinetic DX,2 bhp,GVW 704,,,--,2118,https://trucks.cardekho.com/en/trucks/kinetic/dx
340,SML Isuzu Samrat GS Tipper Chassis BS-6,115 bhp ,GVW 9500,,,3455,2815,https://trucks.cardekho.com/en/trucks/sml-isuzu/samrat-gs-tipper-chassis-bs-6
341,Eicher Pro 1095T,114 bhp ,GVW 9500,,100,--,3515,https://trucks.cardekho.com/en/trucks/eicher/pro-1095-t
342,SML Isuzu Sartaj GS HG 72 CNG,7200,Wheelbase 3335,,,3455,3335,https://trucks.cardekho.com/en/trucks/sml-isuzu/sartaj-gs-hg-72-cng
343,Mahindra Blazo X 42 TAG AXLE COWL,273 bhp ,GVW 42000,,330,7200,6100,https://trucks.cardekho.com/en/trucks/mahindra/blazo-x-37-tag-axle-cowl
344,SML Isuzu Samrat GS CNG,107 bhp ,GVW 10250,,60,3455,4240,https://trucks.cardekho.com/en/trucks/sml-isuzu/samrat-gs-cng
345,Ashok Leyland Guru 1010,120 bhp ,GVW 11120,,185,--,--,https://trucks.cardekho.com/en/trucks/ashok-leyland/guru-1010
346,Atul Elite,850/1000 W,GVW 699,,,--,--,https://trucks.cardekho.com/en/trucks/atul/elite
347,Amw 2528 TP,267bhp ,GVW 25000,12050,220,6700,4300,https://trucks.cardekho.com/en/trucks/amw/2528-tp
348,SML Isuzu Samrat GS BS-6,10700,Wheelbase 2815,,,,2815,https://trucks.cardekho.com/en/trucks/sml-isuzu/samrat-gs-bs-6
349,Kinetic Safar Smart,2 bhp,GVW 725,,,--,2000,https://trucks.cardekho.com/en/trucks/kinetic/safar-smart
350,Eicher 10.75 E2 Plus WT,91bhp ,GVW 7450,3700,100,3298,3515,https://trucks.cardekho.com/en/trucks/eicher/1075-e2-plus-wt
351,Mahindra Blazo X 28 BOOM PUMP,273 bhp ,GVW 28000,,235,7200,5000,https://trucks.cardekho.com/en/trucks/mahindra/blazo-x-25-boom-pump
352,Mahindra Furio 12 Reefer,140 bhp ,GVW 11990,,190,3500,4500,https://trucks.cardekho.com/en/trucks/mahindra/furio-12-reefer
353,Eicher 10.90 E2 Plus WT,91bhp ,GVW 8720,,,3298,3515,https://trucks.cardekho.com/en/trucks/eicher/1090-e2-plus-wt
354,Eicher Pro 5016M Container LL,170 bhp ,GVW 16200,,395,5700,5340,https://trucks.cardekho.com/en/trucks/eicher/pro-5016m-container-ll
355,Piaggio Ape Plus,8.04 bhp ,GVW 725,,10.5,435,1920,https://trucks.cardekho.com/en/trucks/piaggio/ape-plus
356,BharatBenz 2828CH BS6,281 bhp ,GVW 27600,,215,7200,4275,https://trucks.cardekho.com/en/trucks/bharat-benz/2828ch-bs6
357,Man CLA 31.300 EVO 8X2,300bhp ,GVW 31000,20225,200,6900,5740,https://trucks.cardekho.com/en/trucks/man/cla-31300-evo-8x2
358,Tata LPT 810 HEX 2,8720,Wheelbase 3400,5408,,--,3400,https://trucks.cardekho.com/en/trucks/tata/lpt-810-hex-2
359,Amw 3116 HL,152.8bhp ,GVW 31000,23510,400,5883,4040,https://trucks.cardekho.com/en/trucks/amw/3116-hl
360,Ashok Leyland 2518 6S NRS,180 Bhp ,GVW 25000,,200,--,--,https://trucks.cardekho.com/en/trucks/ashok-leyland/2518-6s-nrs
361,Atul Gem Paxx,8 bhp ,GVW 995,,10.5,435,1925,https://trucks.cardekho.com/en/trucks/atul/gem-paxx
362,Amw 4923 TR,235bhp ,GVW 44000,36310,400,5883,3850,https://trucks.cardekho.com/en/trucks/amw/4923-tr
363,Eicher Pro 1055T,95 bhp ,GVW 6250,,60,--,2815,https://trucks.cardekho.com/en/trucks/eicher/pro-1055-t
364,BharatBenz 1215RE BS6,147 bhp ,GVW 12800,,171/160,3900,3360,https://trucks.cardekho.com/en/trucks/bharat-benz/1215re-bs6
365,SML Isuzu Dual Cabin BS-IV,100.5bhp ,GVW 6140,3490,90,3455,3335,https://trucks.cardekho.com/en/trucks/sml-isuzu/dual-cabin-bs-iv
366,Ashok Leyland A1 Boss 1113,130 bhp ,GVW 11990,,208,--,--,https://trucks.cardekho.com/en/trucks/ashok-leyland/a1-boss-1113
367,Ashok Leyland U 3118 LA,180 Bhp ,GVW 31000,--,400,--,--,https://trucks.cardekho.com/en/trucks/ashok-leyland/u-3118-la
368,Man CLA 40.250 EVO 4X2,255bhp ,GVW 40200,33780,300,6900,3600,https://trucks.cardekho.com/en/trucks/man/cla-40250-evo-4x2
369,Eicher Pro 6025T TM,210 bhp ,GVW 25000,,220,7698,4000,https://trucks.cardekho.com/en/trucks/eicher/pro-6025t-tm
370,Ashok Leyland Captain 3532,320 bhp ,GVW 33640,,300,,,https://trucks.cardekho.com/en/trucks/ashok-leyland/captain-3532
371,Piaggio Ape E City,7 bhp ,GVW 689,--,--,,1920,https://trucks.cardekho.com/en/trucks/piaggio/ape-e-city
372,Eicher Pro 6046,250 bhp ,GVW 45500,,380,7700,3650,https://trucks.cardekho.com/en/trucks/eicher/pro-6046
373,Amw 2518 Drilling Rig,178bhp ,GVW 25000,,240,--,--,https://trucks.cardekho.com/en/trucks/amw/2518-drilling-rig
374,Eicher Pro 1110XP Reefer Van,135 bhp ,GVW 12976,,190,--,4300,https://trucks.cardekho.com/en/trucks/eicher/pro-1110xp-reefer-van
375,Mahindra Blazo X 40 SWB,273 bhp ,GVW 35000,,330,7200,3075,https://trucks.cardekho.com/en/trucks/mahindra/blazo-x-35-swb
376,SML Isuzu Super BS-IV,99.1bhp ,GVW 8720,5870,180,3455,3940,https://trucks.cardekho.com/en/trucks/sml-isuzu/super-bs-iv
377,SML Isuzu Reefer Van BS-IV,99.1bhp ,GVW 10250,,90,3455,4760,https://trucks.cardekho.com/en/trucks/sml-isuzu/reefer-van-bs-iv
378,SML Isuzu Sartaj GS HG 72 BS-6,100 bhp ,GVW 7490,,90,3455,3335,https://trucks.cardekho.com/en/trucks/sml-isuzu/sartaj-gs-hg-72-bs-6
379,Eicher Pro 6025T FE,210 bhp ,GVW 25000,,220,5100,4000,https://trucks.cardekho.com/en/trucks/eicher/pro-6025t-fe
380,Eicher Pro 1055DSD,95 bhp ,GVW 6250,,60,--,2815,https://trucks.cardekho.com/en/trucks/eicher/pro-1055dsd
381,Eicher Pro 8028XM,330 bhp ,GVW 28000,,315,7700,4585,https://trucks.cardekho.com/en/trucks/eicher/pro-8028xm
382,Kamaz 2523 6x4,212 bhp ,GVW 25000,12000,300,5900,4320,https://trucks.cardekho.com/en/trucks/kamaz/2523-6x4
383,Amw 3118 TP,178bhp ,GVW 31000,18440,240,5883,5535,https://trucks.cardekho.com/en/trucks/amw/3118-tp
384,Ashok Leyland Captain 2832,320 bhp ,GVW 27320,,208,,,https://trucks.cardekho.com/en/trucks/ashok-leyland/captain-2832
385,SML Isuzu Dual Cabin,99.1bhp ,GVW 6140,3490,90,3455,3335,https://trucks.cardekho.com/en/trucks/sml-isuzu/dual-cabin
386,Eicher Pro 1055K,95 bhp ,GVW 5490,,60,--,2815,https://trucks.cardekho.com/en/trucks/eicher/pro-1055k
387,SML Isuzu Closed Van BS-IV,99.1bhp ,GVW 10250,,180,3455,4760,https://trucks.cardekho.com/en/trucks/sml-isuzu/closed-van-bs-iv
388,Amw 2516 TM,154.7 bhp ,GVW 25000,18140,240,5883,4300,https://trucks.cardekho.com/en/trucks/amw/2516-tm
389,Ashok Leyland U 2518 R/1,180bhp ,GVW 25000,19000,300,5660,--,https://trucks.cardekho.com/en/trucks/ashok-leyland/u-2518-r1
390,Eicher Pro 6025 Reefer Van,180 bhp ,GVW 25000,,380,5500,5300,https://trucks.cardekho.com/en/trucks/eicher/pro-6025-reefer-van
391,SML Isuzu Cosmo BS-IV,99.1bhp ,GVW 7200,4680,,3455,2815,https://trucks.cardekho.com/en/trucks/sml-isuzu/cosmo-bs-iv
392,Eicher Pro 1059XP Reefer Van,95 bhp ,GVW 7200,,100,--,3350,https://trucks.cardekho.com/en/trucks/eicher/pro-1059xp-reefer-van
393,SML Isuzu Super 12,100.5bhp ,GVW 5990,4560,90,3455,3940,https://trucks.cardekho.com/en/trucks/sml-isuzu/super-12
394,SML Isuzu Sartaj GS HG 75 MS Container BS-6,100 bhp ,GVW 7490,,90,3455,3940,https://trucks.cardekho.com/en/trucks/sml-isuzu/sartaj-gs-hg-75-ms-container-bs-6
395,SML Isuzu Water Tanker Truck BS-IV,99.1bhp ,GVW 6180,,90,3455,3335,https://trucks.cardekho.com/en/trucks/sml-isuzu/water-tanker-truck-bs-iv
396,Piaggio Ape City HT,10.86 bhp ,GVW 695,,18.13,197,1920,https://trucks.cardekho.com/en/trucks/piaggio/ape-city-ht
397,SML Isuzu Sartaj HG 75 BS-6,100 bhp ,GVW 7490,,90,3455,3335,https://trucks.cardekho.com/en/trucks/sml-isuzu/sartaj-hg-75-bs-6
398,Kamaz 6520 6x4,316bhp ,GVW 25000,10500,210,11760,4300,https://trucks.cardekho.com/en/trucks/kamaz/6520-6x4
399,Man CLA 49.250 EVO 6X4,255bhp ,GVW 49000,41100,300,6900,3890,https://trucks.cardekho.com/en/trucks/man/cla-49250-evo-6x4
400,SML Isuzu Recovery Van BS-IV,99.1bhp ,GVW 6200,,90,3455,2515,https://trucks.cardekho.com/en/trucks/sml-isuzu/recovery-van-bs-iv
401,SML Isuzu Samrat 21 BS-IV,99.1bhp ,GVW 10250,6900,90,3455,4760,https://trucks.cardekho.com/en/trucks/sml-isuzu/samrat-21-bs-iv
402,Kamaz 6540 8x4,276bhp ,GVW 31000,14000,250,11760,3640,https://trucks.cardekho.com/en/trucks/kamaz/6540-8x4
403,SML Isuzu Dumper Placer BS-IV,99.1bhp ,GVW 6440,,90,3455,3335,https://trucks.cardekho.com/en/trucks/sml-isuzu/dumper-placer-bs-iv
404,SML Isuzu Troop Carrier BS-IV,99.1bhp ,GVW 6200,,90,3455,2515,https://trucks.cardekho.com/en/trucks/sml-isuzu/troop-carrier-bs-iv
405,SML Isuzu Prison Van BS-IV,99.1bhp ,GVW 6440,,90,3455,3335,https://trucks.cardekho.com/en/trucks/sml-isuzu/prison-van-bs-iv
406,Kamaz 3123 8x4,212 bhp ,GVW 31000,20100,300,5900,5360,https://trucks.cardekho.com/en/trucks/kamaz/3123-8x4
407,Amw 2516 HL,152.8bhp ,GVW 25000,18700,400,5883,5020,https://trucks.cardekho.com/en/trucks/amw/2516-hl
408,Amw 2518 HL,178bhp ,GVW 25000,17770,240,5883,5000,https://trucks.cardekho.com/en/trucks/amw/2518-hl
409,Amw 3118 HL,178bhp ,GVW 31000,22550,240,5883,5660,https://trucks.cardekho.com/en/trucks/amw/3118-hl
410,Amw 3518 TR,178bhp ,GVW 35200,30170,240,5883,3100,https://trucks.cardekho.com/en/trucks/amw/3518-tr
411,Amw 4018 TR,178bhp ,GVW 40200,34765,240,5883,3100,https://trucks.cardekho.com/en/trucks/amw/4018-tr
412,Amw 2518 TM,178bhp ,GVW 25000,17720,240,5883,4300,https://trucks.cardekho.com/en/trucks/amw/2518-tm
413,Amw 3118 TM,178bhp ,GVW 31000,21990,240,5883,5535,https://trucks.cardekho.com/en/trucks/amw/3118-tm
414,Amw 3123 Concrete Pump,178bhp ,GVW 31000,,240,--,--,https://trucks.cardekho.com/en/trucks/amw/3123-concrete-pump
415,Man CLA 40.300 EVO 4X2,300bhp ,GVW 40200,33840,300,6900,3600,https://trucks.cardekho.com/en/trucks/man/cla-40300-evo-4x2
416,Eicher Pro 1075 ALC,110 bhp ,GVW 7450,,100,--,3765,https://trucks.cardekho.com/en/trucks/eicher/pro-1075-alc
417,Mahindra Blazo X 28 TRANSIT MIXER,273 bhp ,GVW 28000,,235,7200,4250,https://trucks.cardekho.com/en/trucks/mahindra/blazo-x-25-transit-mixer
418,Atul GEM Cargo Petrol,11 bhp ,GVW 995,,7.5,198,1925,https://trucks.cardekho.com/en/trucks/atul/gem-cargo-petrol
419,Atul GEMINI Cargo,11 bhp ,GVW 350,,7.5,198,1918,https://trucks.cardekho.com/en/trucks/atul/gemini-cargo
420,Atul Gemini,9 bhp ,GVW 665,,10.5,198,1918,https://trucks.cardekho.com/en/trucks/atul/gemini
421,Atul Shakti Passanger,8 bhp ,GVW 700,,7,435,1960,https://trucks.cardekho.com/en/trucks/atul/shakti-passanger
